{
  "method": "WeightedMean",
  "n_trials": 500,
  "sampling_rate": 100,
  "best_auc": 0.7099905095247155,
  "best_weights": {
    "pred_0": 0.6846100247847594,
    "pred_1": 0.5924576251618076,
    "pred_2": 0.5326815470506822
  },
  "timestamp": "2026-01-08T22:04:04.462799",
  "num_models": 3
}