{
  "pred_0": 0.6660348471549039,
  "pred_1": 0.7954554471922213,
  "pred_2": 0.834800805912357
}