{
  "pred_0": 0.6846100247847594,
  "pred_1": 0.5924576251618076,
  "pred_2": 0.5326815470506822
}